"text","label","notes"
"Japan's Tin Drum integrates ambient influences that foreshadow post-rock. By using unconventional spaces between synth patches and Mick Karn's expressive fretless bass work, they moved past traditional pop structures into minimalist textures.","analysis","Classic structural and sonic musicology critique."
"Paramore is just radio pop with no real depth. Their melodies are engineered for streaming playlist algorithms and offer absolutely zero artistic value compared to actual 90s punk pioneers like Descendents.","hot_take","Strong provocative claim targeting quality without structural proof."
"Listening to Loveless by My Bloody Valentine in a dark room with headphones is an out-of-body experience. It completely paralyzes me with childhood nostalgia every single time.","reaction","Anchor is completely based on the author's internal state."
"The Beatles' Revolver is a fundamentally overrated record. While critics love to praise the reverse tape loops on Tomorrow Never Knows, these are just gimmicks to hide weak pop songwriting.","hot_take","Intent Rule applied: Technical evidence used decoratively to back a predetermined judgment."
"Kendrick Lamar's To Pimp a Butterfly is widely considered a masterclass, but structurally, it’s a chaotic mess. The constant shift between free-jazz arrangements and West Coast G-funk creates severe sonic whiplash.","analysis","Intent Rule applied: Uses structural pacing issues to build a coherent explanatory argument."
"Ska punk is objectively the worst genre ever conceived. The bright, bouncy horn sections combined with those hyper-polished punk chords feel incredibly forced and fake.","hot_take","Frame-of-Reference applied: Criticizes the genre itself externally as 'objectively worst'."
"The reason Cocteau Twins' Heaven or Las Vegas makes me feel intensely melancholic is due to Robin Guthrie’s specific processing chain. He heavily layered a multi-tap chorus effect with a long-decay digital reverb on the guitar tracks.","reaction","Frame-of-Reference applied: Technical description serves purely to explain an internal feeling."
"Streaming algorithms have fundamentally destroyed the concept of an album's cultural footprint. When Spotify auto-plays a similar track immediately after a record ends, it prevents the listener from experiencing the quiet residual silence intended by the artist.","analysis","Structured argument using industry mechanics to explain psychological listening limitations."
"Frank Zappa's legacy is distorted by modern commentators. His 1970s jazz-fusion era shows a rigorous commitment to Edgard Varèse's classical composition principles, making claims that he was just a novelty satirist entirely incorrect.","analysis","Uses historical context and composition principles to dispute a legacy claim."
"Weezer's Blue Album is an undisputed Top 30 rock record. You cannot argue against its impact because its crisp power-pop production laid the literal blueprint for early 2000s alternative radio.","hot_take","Bold evaluative claim with minimal structural defense beyond asserting 'impact'."
"I was looking through my old CD binders from middle school and found my copy of Linkin Park’s Hybrid Theory. Putting it on completely flooded me with memories of sitting on the school bus feeling misunderstood.","reaction","Autobiographical narrative focused entirely on nostalgia."
"Nirvana’s Nevermind is completely unlistenable to me now because it commercialized the underground scene. Every time I hear Smells Like Teen Spirit, it just makes me incredibly angry and bitter.","reaction","Frame-of-Reference applied: Deeply negative but anchored in the author's internal emotional response."
"Ghosts by Japan stands out as an incredibly progressive track for its era. The complete omission of a traditional drum kit, replaced by Mick Karn's sparse woodwind-like synth lines, creates an avant-garde space missing from peer pop groups.","analysis","Clear analytical look at instrumentation and technical arrangement choices."
"Immortal Technique has completely vanished from modern hip-hop discourse. His early work relied so heavily on shock-value political conspiracies that it failed to adapt to the sonic shifts toward melodic trap in the 2010s.","analysis","Traces career trajectory through stylistic and sonic industry changes."
"Most classic rock records from the 70s would completely flop if released today. The long, self-indulgent prog-rock solos and dry, uncompressed drum production styles are entirely incompatible with modern loudness standards.","analysis","Boundary case: Uses engineering concepts (loudness standards, compression) to explain a comparative claim."
"Sgt. Pepper's Lonely Hearts Club Band is impossible to enjoy in modern times. The panning choices on the stereo mix, putting drums entirely in the left channel and vocals on the right, make it an incredibly jarring listen on modern headphones.","analysis","Provides explicit technical audio evidence to explain a specific playback issue."
"Sabrina Carpenter's Short n' Sweet is an uninspired corporate cash-grab. Writing and producing an entire 12-track album while actively on tour means the songwriting lacks the structural breathing room of her earlier works.","hot_take","Aggressive evaluative claim that jumps to a negative intent without verifying the underlying mechanics."
"I feel like younger listeners are completely trapped by Spotify's radio algorithms. It stales your music discovery process by serving the same safe, homogenized corporate tracks instead of letting you build a human connection.","reaction","Frame-of-Reference applied: Shifted to reaction due to focus on personal feeling of stagnation."
"The Buzzcocks established the perfect golden standard for pop-punk. Their tracking choices—emphasizing crunchy, hyper-fast guitar downstrokes while retaining clean, beautifully constructed Brill Building melodic hooks—beat the Ramones.","analysis","Deeply reasoned stylistic comparison between two historical bands."
"I tried listening to modern hyperpop yesterday and it physically irritated me. The pitched-up vocals and clipping 808s gave me a literal headache within three tracks.","reaction","Focuses entirely on a physical/emotional personal reaction."
"Radiohead's In Rainbows relies heavily on a syncopated rhythmic displacement. Phil Selway's drum pattern on 'Video Tape' drops the downbeat completely, creating an internal metronome that tricks the listener until the syncopation resolves.","analysis","Strong technical analysis of rhythmic properties."
"Daft Punk's Discovery is the greatest electronic album of all time. No other group has ever combined French house filters with pop melodies as perfectly, making everything else sound totally basic.","hot_take","Provocative tier-ranking claim with no structural proof."
"Hearing 'Heroes' by David Bowie instantly reminds me of driving through the city with my dad before he passed away. I break down in tears every single time that snare crack hits.","reaction","Deeply personal, emotional autobiographical anchor."
"The current landscape of country music is completely uninspired. Every single hit song utilizes the exact same snap-track production rhythm and lyric templates about small towns, showing zero artistic integrity.","hot_take","Sweeping generalization with superficial evidence to back a predetermined view."
"Tool's use of the Fibonacci sequence in 'Lateralus' dictates the syllable counts of Maynard James Keenan's vocal lines. This mathematical structure mirrors the changing time signatures from 9/8 to 8/8 to 7/8.","analysis","Clear objective reasoning linked to structural mechanics."
"Rap music died the second trap drum kits became the default template. The lack of organic sample chopping has turned a highly expressive street art into automated assembly-line garbage.","hot_take","Aggressive cultural critique without structured musicological reasoning."
"Every time I put on Burial's Untrue, it triggers a unique sense of urban isolation. The crackle of vinyl static mixed with pitch-shifted garage vocals makes me feel like I am walking alone in the rain.","reaction","Focused completely on internal psychological state and imagery."
"The transition from hair metal to grunge in the early 90s wasn't just a change in fashion, but an engineering shift. Hair metal favored hyper-processed, gated reverb snares, while grunge returned to raw room mic techniques.","analysis","Tracks historical genre shift via concrete production standards."
"Pop music today is objectively worse than it was in the 1970s. The charts are completely dominated by social media micro-trends rather than performers who spent years practicing an actual instrument.","hot_take","Subjective elitism framing quality via external trends rather than composition."
"I cannot listen to Neutral Milk Hotel without getting an intense wave of teenage angst. The raw, straining cracks in Jeff Mangum's voice make my chest tighten up with memories.","reaction","Emotional response tied explicitly to internal memories."
"The Pixies' loud-quiet-loud dynamic blueprint, defined by Kim Deal’s steady eighth-note basslines dropping out before explosive fuzz choruses, provided the explicit architectural layout for Nirvana's entire catalog.","analysis","Detailed structural comparison tracking specific influence metrics."
"Beyonce's Cowboy Carter is a marketing stunt passing as a historical project. The inclusion of country icons is purely decorative, used to force a narrative of genre subversion that the actual pop tracks do not earn.","hot_take","Intent rule applied: Accuses artist of superficiality without analyzing the tracks."
"Pink Floyd’s Wish You Were Here captures the exact feeling of grief I experienced when my best friend moved across the country. The long, opening keyboard pad feels like an infinite empty space.","reaction","Uses musical analysis purely as a lens to frame a personal life event."
"The standard 12-bar blues structure is the most restrictive cage in music history. It has completely stultified songwriting development by trapping generations of musicians in the same predictable chord changes.","hot_take","Opinion-driven hyperbole dismissing a historical structure as a 'cage'."
"Modern vinyl pressings are a scam for audio quality. Because the vast majority of modern records are cut from compressed 24-bit digital masters rather than analog tapes, the medium fails to achieve true high-fidelity warmth.","analysis","Provides technical manufacturing facts to back a specific quality claim."
"My mom used to play Joni Mitchell's Blue every Sunday morning while making breakfast. Now, whenever I hear 'A Case of You,' the smell of coffee and morning sunlight immediately floods my mind.","reaction","Autobiographical memory anchored completely in internal comfort."
"Nine Inch Nails' The Downward Spiral strips away traditional pop stability by utilizing microtonal synth lines and non-functional harmony, reinforcing the narrator's psychological deterioration through sonic dissonance.","analysis","Connects microtonal theory directly to thematic structure."
"Blink-182 is completely unlistenable past the age of twenty. The juvenile lyrics about high school drama and fart jokes clash horribly with the pristine, clinical studio production designed for radio monetization.","hot_take","Provocative claim asserting age-based limits based on personal distaste."
"I listen to Miles Davis’s Kind of Blue whenever I am stressed at work. The slow, modal jazz improvisations instantly lower my heart rate and make me feel completely at peace.","reaction","Focuses entirely on personal health, stress management, and internal feelings."
"Shoegaze as a genre is structurally limited. By burying the vocals beneath layers of white-noise distortion and chorus effects, the bands frequently mask incredibly lazy melodies and identical chord progressions.","hot_take","Intent rule: Uses genre mechanics decoratively to dismiss the artists as 'lazy'."
"Sufjan Stevens' Illinois uses orchestral pop arrangements—including polyrhythmic woodwind syncopations and choral counter-melodies—to build a literal geography, transforming physical locations into complex musical motifs.","analysis","Structured breakdown of arrangement styles and composition methodology."
"I get physically angry whenever I hear modern stadium country. The fake southern drawls mixed with trap beats feel completely dishonest and corporate.","reaction","Focuses completely on an internal physiological/emotional response."
"The shift from physical formats to streaming platforms has completely altered song lengths. In the vinyl era, tracks averaged 4 minutes due to side limitations; today, Spotify algorithms incentivize 2-minute loops to maximize play counts.","analysis","Rigorous cause-and-effect argument balancing engineering and industry data."
"Drake is the most uninspired artist of his generation. He has spent the last seven years releasing the exact same bloated, 80-minute projects just to maximize streaming payouts without changing his flow.","hot_take","Aggressive evaluative critique targeting intent over musical mechanics."
"Finding my older brother's old cassette tapes in the attic completely changed my life. Playing those distorted underground punk recordings gave me a raw thrill I had never felt before.","reaction","Autobiographical milestone focusing completely on personal feelings."
"Public Enemy’s production team, The Bomb Squad, revolutionized sampling by layering dozens of irreconcilable noise fragments—sirens, funk loops, and spoken word—into a dense, polyrhythmic wall of sound that challenged traditional tonal structures.","analysis","Deep dive into sampling mechanics, rhythm, and harmonic theory."
"Hyperpop is a garbage genre that will be completely forgotten in five years. It relies entirely on blowing out your speakers with abrasive frequencies to hide a total lack of songwriting ability.","hot_take","Provocative prediction backed by personal distaste rather than structural reasoning."
"I can't study without listening to lo-fi hip-hop beats. The predictable, looping jazz chords create a protective white noise that calms my anxiety and lets me focus completely.","reaction","Anchored in personal habits and psychological anxiety relief."
"The use of the tritone interval in early Black Sabbath tracks revolutionized heavy metal. By emphasizing the augmented fourth, Tony Iommi bypassed traditional blues scales to inject an ominous, classical tension into heavy rock.","analysis","Rooted in objective music theory and musicology history."
"Taylor Swift's Tortured Poets Department is a bloated mess that desperately needed an editor. The lyrics sound like teenage diary entries typed out in a hurry, completely wasting the production work of Jack Antonoff.","hot_take","Strong evaluative claim using insults rather than structured musical analysis."
"Every time I hear the synthesizer intro to Van Halen's 'Jump,' it transports me right back to my middle school gym class. I can literally smell the floor wax and feel the embarrassment.","reaction","Autobiographical anchor triggered by a specific pop hook."
"Post-punk bands like Gang of Four rejected rock clichés by adopting a funk-influenced, staccato bass style paired with scratching, non-melodic guitar lines, explicitly designed to disrupt the passive consumer experience.","analysis","Analyzes genre characteristics and intent through performance techniques."
"Lana Del Rey is a completely manufactured indie caricature. Her entire 'sad girl Americana' aesthetic feels completely focus-grouped and disingenuous, lacking any real artistic soul.","hot_take","Targets the artist's character and authenticity rather than track mechanics."
"Listening to Brian Eno's Music for Airports while sitting in an actual terminal completely cured my fear of flying. The drifting ambient pads made the entire chaotic world slow down.","reaction","Explains a personal emotional shift and phobia relief through a listening habit."
"The rise of Auto-Tune did not destroy vocal talent; it redefined the voice as a malleable instrument. Artists like T-Pain and Kanye West used maxed-out retuning speeds to deliberately create a stylized, robotic alienation.","analysis","Defends a technique by analyzing structural intent and audio engineering parameters."
"The Beach Boys' Pet Sounds is vastly inferior to Beatles records. Brian Wilson's arrangements are completely over-cluttered with random instruments, making the songs feel incredibly messy and hard to follow.","hot_take","Subjective tier ranking dismissing complex arrangements as 'messy'."
"I bought my first record player last week, and sitting down to watch the disc spin has made me appreciate music again. It feels like an intimate ritual compared to skipping tracks on my phone.","reaction","Personal habit and lifestyle reflection focused on internal appreciation."
"Chopin's Nocturnes rely heavily on rubato—the deliberate stretching and relaxing of tempo. This technique allows the performer to break away from mathematical time, shifting the emotional weight onto harmonic resolutions.","analysis","Formal music theory analysis focused on tempo and harmony."
"Foo Fighters are the most boring rock band in history. Every single song follows the exact same predictable loud-quiet-loud radio formula without ever taking an actual creative risk.","hot_take","Provocative claim utilizing hyperbolic statements ('most boring rock band in history')."
"Hearing the theme song from Halo instantly gives me a massive wave of childhood nostalgia. It makes me feel warm and safe, remembering long weekends playing video games with my siblings.","reaction","Autobiographical memory dealing with sibling relationships and safety."
"Aphex Twin's drum programming on Druqks utilizes algorithmic breakbeat chopping. By rapidly accelerating AMEN breaks past 200 BPM and constantly modulating the snare pitches, he creates a disorienting polyrhythmic grid.","analysis","Highly specific look at programming, tempo, and rhythmic grids."
"The Weeknd’s transition into synth-pop is a transparent attempt to copy 80s nostalgia trends. Songs like Blinding Lights are completely devoid of the dark, raw edge that made his early mixtapes interesting.","hot_take","Dismisses an artistic era as a trend-chase without analyzing song composition."
"I always play classical piano music when it rains. The soft dynamics of the keys mixing with the sound of water on my window creates a deeply comforting sense of isolation.","reaction","Focuses entirely on personal routine, weather pairing, and an internal mood."
"The introduction of the cassette tape completely democratized music culture. By allowing consumers to easily record audio from the radio and curate personalized mixtapes, it stripped labels of their gatekeeping power.","analysis","Historical and sociological argument tracing technical format democratization."
"Maroon 5 is the absolute worst evolution of pop music. They completely abandoned their musicianship after their debut album to churn out focus-grouped radio slop that requires zero talent.","hot_take","Sweeping insult-driven critique focused on authenticity rather than musical structure."
"Putting on Fleetwood Mac’s Rumours always reminds me of the road trips my parents used to take us on. The vocal harmonies make me feel incredibly safe and connected to my family.","reaction","Autobiographical narrative focused on family dynamics and comfort."
"The distinct guitar tone on Dead Kennedys tracks was achieved by East Bay Ray combining an Echoplex tape delay with a highly bright Fender Stratocaster, mimicking surf-rock textures to subvert aggressive hardcore punk conventions.","analysis","Dissects hardware and stylistic crossovers to explain a genre subversion."
"Ed Sheeran is completely destroying the art of songwriting. His tracks are literal equations designed by data scientists to stick in your head, completely devoid of human passion.","hot_take","Hyperbolic conspiracy-style claim targeting intent instead of song mechanics."
"I broke down sobbing during a live stream of a Mahler symphony last night. The sudden shift from a quiet solo oboe to a massive brass crescendo caught me completely off guard.","reaction","Focuses entirely on a profound personal emotional outburst during a listen."
"FKA Twigs utilizes avant-garde electronic production to subvert standard R&B tropes. By processing her vocals through sharp pitch-shifters and pairing them with fractured, industrial syncopation, she mirrors themes of bodily fragmentation.","analysis","Connects vocal engineering choices directly to thematic frameworks."
"Greta Van Fleet is an embarrassing Led Zeppelin tribute band that shouldn't be taken seriously by any real music critic. They have never had a single original idea in their entire discography.","hot_take","Aggressive critique based on derivative status rather than musical structure."
"Discovering jazz music in college saved me from complete burnout. Sitting in the library with Coltrane playing in my headphones made the stress of my exams completely melt away.","reaction","Autobiographical story about college stress relief via listening habits."
"The use of the 'G-Funk' whistle—a high-pitched, portamento synth lead played on a Moog—allowed West Coast producers like Dr. Dre to create a continuous, melodic counterweight to aggressive, rhythm-heavy gangsta rap lyrics.","analysis","Traces instrumentation (Moog synthesizer parameters) to explain historical aesthetic balance."
"Billie Eilish's whisper-vocals are an annoying gimmick. It only works because her brother turns the microphone preamp gain all the way up in post-production, hiding the fact that she can't actually project her voice.","hot_take","Intent rule: Uses an engineering fact (preamp gain) maliciously to invalidate vocal capability."
"I always skip the last track on this album because it reminds me too much of my ex-girlfriend. It gives me a literal pit in my stomach the second those opening acoustic chords start.","reaction","Behavioral listening habit governed entirely by internal romantic grief."
"Kate Bush's 'Running Up That Hill' utilizes the Fairlight CMI digital synthesizer to loop a distinct, organic drone chord. This sampling technique allows the track to build a driving, modal tension without relying on standard pop chord resolutions.","analysis","Technical dive into sampling hardware and chord progression theory."
"Glitch hop is completely unlistenable garbage. It sounds like a broken microwave repeating the same electronic error code, and anyone who claims to enjoy it is just pretending to be edgy.","hot_take","Insult-driven dismissal using an analogy instead of stylistic breakdown."
"Listening to Gregorian chants while cleaning my apartment makes me feel incredibly grounded. It completely strips away the chaotic noise of modern life and leaves me in a meditative state.","reaction","Personal routine paired with an internal spiritual/psychological feeling."
"The rapid tempo fluctuations in math rock are governed by additive rhythm grids. Bands like American Football constantly switch between 5/4 and 7/8 time signatures by shifting the snare accent, completely upending the traditional rock backbeat.","analysis","Deep dive into music theory, time signatures, and structural accents."
"Travis Scott's Utopia is completely overrated. It's just a lazy attempt to recreate Kanye West's Yeezus era, but without any of the raw political anger or groundbreaking industrial sound design that made Yeezus good.","hot_take","Comparative tier statement dismissing a project as a 'lazy copy' without proof."
"I remember sitting on my bedroom floor at 14 years old listening to American Idiot on repeat, dreaming of running away from my hometown. That album was my absolute lifeline.","reaction","Purely autobiographical reflection on childhood coping mechanisms."
"The sonic signature of Motown records was defined by the structural constraints of AM radio. Producers deliberately mixed the mid-range frequencies aggressively high and doubled the basslines to ensure the tracks punched through tiny car speakers.","analysis","Connects historical engineering choices directly to broadcast hardware limitations."
"Nu-metal is the most embarrassing cultural artifact of the early 2000s. Combining angsty rap delivery with detuned nu-metal guitar riffs resulted in music that has aged horribly and holds zero artistic value.","hot_take","Subjective cultural dismissal targeting legacy tiering."
"I can't listen to the radio anymore because the volume levels are so aggressively loud that it makes my ears ring. Everything sounds like a flat wall of sound with no breathing room.","reaction","Focuses completely on personal physical discomfort and radio listening frustration."
"The minimalist compositions of Philip Glass use phase shifting—where two identical geometric rhythmic loops gradually fall out of sync. This structural crawl creates a complex psychoacoustic illusion of shifting melodies.","analysis","Advanced look at rhythmic patterns and psychoacoustic properties."
"Olivia Rodrigo is just a glorified Disney pop star catering to teenage breakup drama. Her rock tracks sound completely sanitized and lack any of the genuine grit of true 90s riot grrrl punk.","hot_take","Evaluative dismissal based on target demographic and corporate background."
"Whenever I hear an accordion play, I am instantly transported back to my grandmother's kitchen in Italy. I can hear her voice clearly and it makes me feel deeply homesick.","reaction","Autobiographical memory dealing with grandmother, national origin, and homesickness."
"The distinct sound of 1980s pop was driven by the LinnLM drum machine. By utilizing actual digital samples of acoustic drums instead of synthesized noise, it allowed producers to program hyper-quantized, rigid patterns that reshaped dance music.","analysis","Traces specific hardware impact on performance styles and genre evolution."
"Post-rock is the most pretentious genre ever invented. Bands think that just because they write an eleven-minute instrumental track with a long crescendo, they are making high art, but it's just boring.","hot_take","Opinionated attack labeling a genre as 'pretentious' and 'boring'."
"I love going for long drives at night just to listen to synthwave music. The retro synth pads make me feel like the main character in a movie, completely detached from reality.","reaction","Personal lifestyle habit focused entirely on internal escapism and mood."
"Portishead’s dummy pioneered the trip-hop sound by printing digital tracks onto vinyl records, deliberately scuffing the physical vinyl on the studio floor, and sampling the resulting audio to achieve an authentic, dusty lo-fi crackle.","analysis","Examines an inventive physical engineering process to explain a sonic aesthetic."
"Katy Perry’s Teenage Dream is a flawless pop masterpiece. Every single song is an undeniable earworm, and anyone who thinks pop music needs deep lyrics to be good is completely missing the point.","hot_take","Provocative declaration of absolute classic status without structural analysis."
"Hearing the theme song of my favorite childhood cartoon gives me a physical rush of joy. It instantly washes away whatever stress I am experiencing as an adult.","reaction","Internal physical/emotional shift tied to media nostalgia."
"The rhythmic vocabulary of Afrobeat, established by Fela Kuti and Tony Allen, relies on a interlocking interlocking drum grid where the bass drum plays on the offbeats while the register shifts on the high-hat, upending Western downbeat reliance.","analysis","Analyzes polyrhythmic structures and regional differences in music theory."
"Eminem’s modern discography is completely unlistenable. He is so obsessed with technical fast rapping and complex internal rhyme schemes that he completely forgets how to make an actual good song.","hot_take","Sweeping negative judgment criticizing an era as 'unlistenable' without detailing track context."
"I started crying in the middle of a crowded grocery store today because a song played that my childhood best friend and I used to sing together. It caught me completely off guard.","reaction","Emotional memory reaction triggered by random public listening."
"The 'Wall of Sound' production style, created by Phil Spector, relied on crowding multiple musicians—including three pianos and five guitars—into a tiny room to record simultaneously, creating an acoustic spill that blended into a massive, monolithic texture.","analysis","Examines acoustic spill mechanics and studio size to explain historical audio textures."
"Metalcore is completely uninspired garbage. Every single band uses the exact same formula: screaming verses, a clean pop chorus, and a breakdown, showing an absolute lack of creativity.","hot_take","Dismisses a genre layout as formulaic and 'garbage' without tracking specific track details."
"I listen to field recordings of thunderstorms whenever I have a panic attack. The natural ambient noise instantly anchors my brain and stops my heart from racing.","reaction","Uses listening habits for direct mental/physical health intervention and anxiety relief."
"The emergence of proto-punk in the mid-1970s via bands like The Stooges was defined by an aggressive simplification of rock form, dropping complex blues solos for repetitive, three-chord garage riffs played with maximum amplifier distortion.","analysis","Traces historical composition simplification and hardware overdrive to map a genre."
"Machine Gun Kelly’s switch to pop-punk was a pathetic career pivot. He only did it because his rap career was dying, resulting in an album that feels completely fake and corporate.","hot_take","Attacks artist motivations and authenticity rather than song arrangements."
"My grandfather taught me how to play chess while playing classical music in his study. Now, whenever I hear a violin sonata, I can feel the smooth texture of the wooden chess pieces.","reaction","Autobiographical sensory crossover anchored in family history."
"Björk’s Vespertine utilizes micro-sampling—constructing entire rhythmic tracks out of tiny, domestic noises like cracking ice, shuffling cards, and rustling footsteps—to mirror the intimate, indoor themes of the lyrics.","analysis","Structured look at sampling techniques and thematic integration."
"Imagine Dragons is the absolute worst thing to happen to rock music. Their songs sound like truck commercials designed by AI to brainwash sports stadiums, completely devoid of artistic merit.","hot_take","Hyperbolic, insult-heavy attack targeting market placement over sonics."
"I have a specific playlist called 'Crying in the Car' for when my anxiety gets completely overwhelming. Singing along to those sad indie songs is the only way I can release the tension.","reaction","Personal mental health coping mechanism through managed listening habits."
"The guitar work of Johnny Marr in The Smiths was defined by open-string arpeggios played in high registers. By avoiding heavy power chords, he created a bright, cascading counter-melody that sat perfectly beneath Morrissey’s baritone vocals.","analysis","Structural critique detailing string arrangements, vocal interplay, and pitch registers."
"Pop-punk bands today are completely ruining the genre. They have replaced the raw, snotty attitude of the 90s underground with overly polished, auto-tuned vocals designed to trend on social media apps.","hot_take","Sweeping generalization attacking modern era authenticity over structural metrics."
"Listening to old soul records on a physical turntable makes me feel incredibly connected to history. The faint sound of the needle hitting the groove instantly calms my hyperactive brain.","reaction","Lifestyle habit focused entirely on internal calming sensations."
"The architecture of Jamaican dub music, pioneered by King Tubby, involves treating the mixing console as a live instrument. By dropping the vocals and melody lines completely out to expose the drum and bass 'riddim,' then feeding fragments into tape echo loops, they invented remix culture.","analysis","Deep dive into dub production engineering, console manipulation, and genre evolution."
"Guns N' Roses is completely overrated. Axl Rose has one of the most grating, irritating voices in rock history, and their songs are just bloated vehicles for Slash to show off.","hot_take","Opinion-driven attack on an artist's physical voice traits to tier rank a band."
"I can't listen to that album anymore because it was playing on the radio when I got into a massive car accident. The sound of that opening synth line literally makes my heart rate skyrocket.","reaction","Trauma-response listening trigger focused on internal physical distress."
"The use of sidechain compression in electronic dance music—where the volume of the bass synth is automatically ducked every time the kick drum hits—creates a pumping psychoacoustic effect that drives the physical urge to dance by emphasizing the downbeat.","analysis","Advanced look at dynamics processing, compression parameters, and psychoacoustic responses."
"Lil Wayne’s Rebirth is the absolute worst rock album ever made. It is an incredibly embarrassing disaster that proves rappers should never try to play electric guitars.","hot_take","Extreme dismissive tier ranking based on personal distaste for a crossover project."
"I love collecting cassette tapes because the slight tape hiss makes the music sound incredibly comforting. It feels like a warm blanket compared to the cold, sterile perfection of digital streaming.","reaction","Subjective collection lifestyle preference anchored in comfort."
"The development of early industrial music by Throbbing Gristle relied heavily on non-musical sound generators, including short-wave radio static and homemade electronic oscillators, deliberately breaking down the boundary between industrial noise and traditional performance art.","analysis","Tracks avant-garde instrumentation choices to map historical genre boundaries."
"Billie Eilish is completely ruining the art of vocal performance. Her half-whispered delivery is incredibly lazy and proves she wouldn't last a single minute fronting an actual rock band without a microphone.","hot_take","Insult-heavy critique attacking an artist's capability via subjective criteria."
"Hearing the bass drop in a club makes me feel completely unified with the crowd. It strips away all my social anxiety and leaves me feeling totally ecstatic in the moment.","reaction","Social environment listening experience focusing entirely on internal anxiety shifts."
"The distinct guitar style of The Edge in U2 is built upon a dotted-eighth note digital delay. By playing simple, sparse arpeggios that syncopate with the echo repetitions, he constructs a dense sonic architecture that sounds like multiple guitarists playing simultaneously.","analysis","Technical dissection of effects units, rhythmic syncopation, and performance layers."
"Drake's Honestly, Nevermind is a complete slap in the face to house music fans. His lazy vocals sound completely out of place over generic, watered-down club beats that require zero effort to produce.","hot_take","Volatile evaluation accusing an artist of disrespect without analyzing track mechanics."
"I spent my entire weekend organizing my vinyl collection by genre and release year. Looking at all those physical jackets neatly lined up on my shelf gives me a profound sense of peace.","reaction","Collection lifestyle routine focusing entirely on internal emotional satisfaction."
"The harmonic signature of bossa nova, established by João Gilberto, relies on altering standard samba rhythms by decoupling the nylon-string guitar chords from the vocal syncopation, while adopting jazz-influenced extended chords like minor 9ths and major 7ths.","analysis","Rigorous musicology critique analyzing regional rhythm shifts and chord extensions."
"Modern indie rock is completely dead. Every single band sounds like a watered-down version of Tame Impala or Mac DeMarco, with zero original thoughts or interesting hooks left.","hot_take","Sweeping historical dismissal based on perceived lack of originality."
"Putting on Pink Floyd's Dark Side of the Moon at midnight is my absolute favorite solo ritual. The clocks ticking at the start of 'Time' always gives me goosebumps no matter how many times I hear it.","reaction","Personal ritual and physiological response detailed entirely through internal feelings."
"The production style of early black metal—pioneered by bands like Mayhem and Darkthrone—deliberately embraced anti-production. By recording on cheap cassette decks and boosting the treble frequencies while cutting the bass entirely, they created a thin, freezing wall of noise that mirrored their nihilistic ideology.","analysis","Connects extreme anti-production choices directly to ideological frameworks."
"Twenty One Pilots is the most cringe-inducing band of their generation. Their genre-blending sounds completely forced, like a focus-group designed to appeal to middle school kids who think they are edgy.","hot_take","Insult-driven evaluation targeting demographic placement over musical composition."
"I remember dancing with my sister in our living room to Michael Jackson's Thriller when we were kids. That memory makes me feel incredibly happy whenever that bassline starts playing.","reaction","Autobiographical reflection centered on childhood family relationships."
"The unique sonic character of Phil Collins' drum tone on 'In the Air Tonight' was discovered accidentally via the SSL 4000 mixing console's talkback microphone. By running the drum audio through an aggressive, built-in limiter and a gated reverb unit, they created a hyper-compressed, explosive snare profile.","analysis","Fascinating look at hardware discovery, limiting parameters, and spatial processing."
"DJ Khaled contributes absolutely zero value to music history. He is a glorified hype-man who yells his own name over beats that actual talented producers made, and his success is a joke.","hot_take","Ad-hominem critique targeting a public figure's contribution rather than track layouts."
"Listening to lo-fi video game soundtracks while working is the only way I can pass my exams. The looping melodies block out my racing thoughts and make me feel incredibly focused.","reaction","Student routine and focus tracking detailed entirely via internal psychology."
"The rhythmic structure of flamenco guitar relies on the compás—a strict 12-beat rhythmic cycle that utilizes shifting internal accents. Performers use rapid rasgueado finger-strumming to punctuate these accents, creating a complex, cyclical tension.","analysis","Excellent breakdown of international time signatures and performance execution."
"Coldplay hasn't made a single good song since 2005. They completely sold their artistic soul to make generic, neon stadium pop for soccer moms, completely abandoning their early alternative roots.","hot_take","Aggressive critique accusing an artist of selling out using hyperbole."
"I found my dad’s old Walkman in the garage yesterday and putting those headphones on made me feel like an 80s movie character. It completely distracted me from my real-world worries.","reaction","Autobiographical encounter with older hardware driving an internal mood shift."
"The vocal delivery of doom metal utilizes a deeply resonant, operatic clean style or low, guttural growls. These techniques are explicitly sustained past traditional bar lines to mimic the slow, crushing tempo of detuned guitars, amplifying themes of existential dread.","analysis","Connects vocal sustain mechanics to hardware parameters and thematic intent."
"Gwen Stefani's solo career is an absolute disaster. Her music is just a chaotic mess of weird vocal squeaks and focus-grouped pop hooks that completely hollowed out her punk legacy.","hot_take","Evaluative critique dismissing a career era through subjective distaste."
"I always play heavy metal music when I am cleaning my room because the fast tempo makes my ADHD brain stop racing. It gives me an intense burst of physical energy.","reaction","Personal routine using music as a therapeutic tool for a personal mental condition."
"The evolution of synthwave music relies on the sonic tropes of the Yamaha DX7 synthesizer. By utilizing its hyper-bright, digital FM synthesis bass patches and pairing them with gated snare reverb samples, producers build a pastiche of 1980s cinema soundtracks.","analysis","Examines specific digital synthesis types and cinema tracking history to map a sub-genre."
"Post-malone is a talentless hack who only blew up because he has a catchy image and heavy label backing. His vocal vibrato sounds completely fake and is heavily corrected by Autotune.","hot_take","Personal attack targeting talent and processing tools maliciously."
"I get an absolute rush of adrenaline whenever the bass drops in this song. It makes me want to scream along at the top of my lungs and completely forget about my real-world problems.","reaction","Focuses entirely on an intense, internal physiological and psychological release."
"The distinct sound of British folk-rock in the late 1960s was achieved by bands like Fairport Convention overlaying traditional, modal English ballad melodies onto a rigid, rock backbeat played on a traditional drum kit, merging acoustic history with electronic amplification.","analysis","Traces stylistic integration, modal melodies, and amplification history."
"Rage Against The Machine is hypocritical corporate trash. They write songs about fighting capitalism while being signed to a major global record label, making their entire message fake.","hot_take","Attacks political stance and label affiliation rather than tracking song mechanics."
"Hearing my mother hum her favorite old hymns while she crochets makes me feel completely safe and at home. It is a beautiful sound that I will cherish forever.","reaction","Autobiographical reflection detailing family comfort through vocal sounds."
"The minimal techno movement in 1990s Detroit stripped electronic music down to its skeletal framework, utilizing repetitive 4/4 Roland TR-909 kick drums and minute parameter modulations on high-hat filters to induce a hypnotic, trance-like state over long durations.","analysis","Examines specific drum machines, filter parameters, and historical regional contexts."
"Kanye West is completely overrated as a producer. He just takes old, obvious soul samples, speeds them up, and puts basic drum patterns underneath them, which requires very little actual musical skill.","hot_take","Dismisses a legendary production style as 'lazy' using oversimplification."
"I can't listen to jazz music because it makes me feel incredibly anxious and disorganized. The lack of a predictable, repeating melody makes my brain feel completely chaotic.","reaction","Explains an internal emotional aversion to a specific structural layout."
"The arrangements of Radiohead's A Moon Shaped Pool rely heavily on Jonny Greenwood's avant-garde string orchestrations. By utilizing col legno pulling techniques—where players strike the strings with the wooden side of the bow—he constructs a scratching, tense texture that underpins the digital elements.","analysis","Superb technical review detailing bow techniques and arrangement balance."
"Mac DeMarco's guitar tone is the most annoying thing to happen to indie music. Every single indie band completely copied his warped, pitch-shifting chorus pedal sound, turning the entire genre into a cartoon.","hot_take","Opinionated attack labeling a specific effect tone as 'annoying' and 'cartoonish'."
"I always cry during the final movement of this symphony because it reminds me of the day I graduated from college and realized childhood was completely over.","reaction","Autobiographical milestone linked directly to an internal emotional release."
"The architecture of early delta blues guitar was dictated by the slide technique. Performers used a glass bottleneck or metal pipe on steel strings to create continuous microtonal glides, explicitly breaking away from the rigid steps of the Western equal temperament scale.","analysis","Deep dive into slide hardware, microtonal intervals, and tuning scale history."
"Avril Lavigne's pop-punk era was completely fake. She was just a pop singer dressed up by record executives to look like a skater girl, and her songs have zero actual punk credibility.","hot_take","Attacks authenticity and wardrobe choices rather than tracking song notation."
"Listening to movie soundtracks while walking through the city makes me feel like I am in a dramatic film. It completely changes how I perceive the people around me.","reaction","Personal lifestyle habit focusing entirely on external escapism and fantasy."
"The rise of the UK drill genre was defined by a distinct slide bass pattern. Producers automate the pitch-bend of heavy 808 sub-bass notes across multiple octaves, creating a sliding, gliding low-end that cuts through the sparse, syncopated snare snaps.","analysis","Excellent production critique looking at pitch automation and syncopated snare spaces."
"Justin Bieber is an embarrassing stain on pop music history. He has spent his entire life releasing basic, focus-grouped radio tracks that cater exclusively to pre-teen girls without any artistic growth.","hot_take","Insult-heavy evaluation targeting demographic placement."
"I remember sitting in the backseat of my dad's car while it rained, listening to classic rock cassettes on the stereo. That specific feeling of safety is something I can never replicate.","reaction","Autobiographical memory dealing with father, childhood environment, and safety."
"The signature guitar sound of Smashing Pumpkins' Siamese Dream was achieved through multi-tracking. Billy Corgan recorded up to forty separate guitar layers using a Big Muff fuzz pedal running into a modified Marshall amplifier, creating a dense, symphonic wall of distortion.","analysis","Technical audit of multi-tracking layers, specific pedals, and hardware routing."
"Kendrick Lamar completely lost his edge on his latest album. The tracks are way too long and self-indulgent, and he is trying so hard to be a deep philosopher that he forgot how to make a banger.","hot_take","Provocative tier evaluation targeting intent rather than track mechanics."
"I always skip this track because the sound of the acoustic guitar reminds me exactly of the summer I spent recovering from surgery. It brings back all that physical pain.","reaction","Trauma response linking a specific instrument tracking choice to past physical injury."
"The structural pacing of progressive rock suites, like Yes's 'Close to the Edge,' is modeled directly after classical sonata form. The piece moves through an explicit exposition, development of thematic motifs across shifting time signatures, and a final harmonic recapitulation.","analysis","Deep musicology critique tracing classical sonata frameworks in rock."
"Cardi B's success is a complete joke. She doesn't write any of her own bars, her delivery is just loud shouting, and she only succeeds because of massive label budgets and viral social media moments.","hot_take","Ad-hominem critique focusing on corporate backing and writing assistance."
"Discovering ambient music while suffering from insomnia completely changed my life. Playing those long, quiet drone loops is the only thing that calms my racing heart and lets me sleep.","reaction","Personal wellness narrative detailing health intervention through managed listening."
"The use of the Mellotron synthesizer in 1960s psychedelic rock transformed sampling history. By using internal tape strips containing pre-recorded choirs and strings, bands could invoke haunting, lo-fi orchestral textures live without a real orchestra.","analysis","Traces tape-synthesis mechanics to explain historic live performance adjustments."
"Vaporwave is the most pointless genre ever created. It is literally just pitched-down 80s elevator music with a bunch of reverb added to it, and anyone who thinks it is deep is an idiot.","hot_take","Insult-heavy dismissal of a genre layout using derogatory language."
"I get an intense wave of nostalgia whenever I hear a cassette tape click into place. It reminds me of long summer nights spent making mixtapes for my friends in high school.","reaction","Autobiographical narrative focused entirely on physical nostalgia signals."
"The rhythmic signature of neo-soul, pioneered by D'Angelo and J Dilla, relies on 'unquantized' drum programming. By deliberately turning off grid snapping on the MPC sampler and placing the snare slightly behind the beat, they created a human, lagging swing.","analysis","Stellar technical breakdown of layout tools, grid quantification, and rhythm swing."
"The Chainsmokers are an absolute disgrace to electronic music. Every single song uses the exact same generic synth drop and basic four-chord progression, proving they have zero actual talent.","hot_take","Sweeping generalization dismissing artists as a 'disgrace' without analyzing track contexts."
"I always feel incredibly lonely when I listen to this record. The stark, isolated acoustic guitar tracking makes me feel like I am the last person left alive on earth.","reaction","Focuses entirely on personal existential loneliness and imagery induced by a listen."
"The vocal arrangements of Queen relied heavily on the three-part harmony tracking of Freddie Mercury, Brian May, and Roger Taylor. By blending Mercury’s dramatic tenor, May’s warm baritone, and Taylor’s piercing falsetto, they constructed an operatic vocal stack that simulated an entire choir.","analysis","Structured look at vocal arrangement pitches, layering, and choral stacking."
"The Black Parade by My Chemical Romance is an embarrassing, over-the-top emo caricature. The theatrical vocals and marching band concepts are incredibly corny and have aged horribly.","hot_take","Provocative evaluation dismissing a classic concept album as 'corny'."
"I spent my evening digging through dollar bins at a local record store and found an old blues record. Cleaning off the dust and playing it made me feel incredibly content and grounded.","reaction","Lifestyle collection narrative focused on internal peace and satisfaction."
"The architecture of trip-hop, defined by bands like Massive Attack, merged British sound-system culture with dark post-punk. They layered heavy, dub-influenced reggae basslines beneath slow, hip-hop breaks and melancholic female vocals, creating a tense, nocturnal hybrid.","analysis","Traces historical cross-genre integration and arrangement properties."
"Maroon 5's Adam Levine has one of the most irritating voices in the entire history of pop music. His hyper-nasal falsetto sounds like a literal paper shredder and ruins every track.","hot_take","Aggressive subjective attack targeting a singer's physical vocal anatomy."
"I can't listen to this band anymore because my ex-boyfriend bought me their album for our anniversary. Hearing those songs literally makes me want to throw up from anxiety.","reaction","Physical anxiety response governed by past relationship trauma."
"The sonic character of surf rock was defined by the Fender Showman amplifier’s outboard spring reverb unit. By driving a guitar signal through a physical metal spring tank, it created a splashing, wet audio reflection that captured the spatial mechanics of the ocean.","analysis","Excellent hardware audit detailing signal chains and spatial reflections."
"DJ Mag's Top 100 list is a complete scam. The artists who win are just the ones with the biggest marketing budgets and ghost producers, while actual talented DJs are left completely ignored.","hot_take","Industry rant targeting ranking lists and business mechanics without structural music review."
"Listening to punk rock while working out gives me an insane burst of physical power. It makes me feel completely invincible, like I could smash through a brick wall.","reaction","Personal fitness habit focused completely on an internal adrenaline response."
"The distinct production of 1990s boom-bap hip-hop was built upon the E-mu SP-1200 sampler's hardware limitations. Its 12-bit sampling rate and short 10-second memory forced producers to pitch up 33 RPM vinyl samples to fit, creating a gritty, ringing lo-fi texture when slowed back down.","analysis","Fascinating look at vintage hardware limitations, bit rates, and sampling techniques."
"Ed Sheeran's loop-pedal routine is a boring gimmick. He uses it to mask incredibly basic, simple pop songwriting that wouldn't hold up for a single minute if he played with an actual live band.","hot_take","Dismisses a performance method as a 'boring gimmick' using subjective criteria."
"I remember sitting on the kitchen floor with my mom listening to Motown records on the radio while she cooked. That specific memory always makes me smile when I hear those horn lines.","reaction","Autobiographical memory dealing with mother, domestic environments, and happiness."
"The melodic structure of early grunge, pioneered by Alice in Chains, relied on cantrell and staley's vocal harmonies. They frequently sang in tight parallel minor thirds, injecting an eerie, dissonant metal tension into traditional hard-rock arrangements.","analysis","Rigorous musicology critique looking at vocal intervals, chord structures, and genre blending."
"G-Eazy is the most uninspired rapper in history. His flow is incredibly boring, his lyrics are completely cliché, and he only succeeded because he looks like a 1950s movie star.","hot_take","Insult-heavy evaluation targeting an artist's physical appearance over music notation."
"I broke down crying during a live stream of an orchestra playing Beethoven last night. The sudden shift from a quiet solo flute to a massive string crescendo caught me completely off guard.","reaction","Focuses entirely on a sudden personal emotional outburst during a digital listen."
"FKA Twigs utilizes avant-garde electronic production to subvert standard R&B tropes. By processing her vocals through sharp pitch-shifters and pairing them with fractured, industrial syncopation, she mirrors themes of bodily fragmentation.","analysis","Connects vocal engineering choices directly to thematic frameworks."
"Greta Van Fleet is an embarrassing Led Zeppelin tribute band that shouldn't be taken seriously by any real music critic. They have never had a single original idea in their entire discography.","hot_take","Aggressive critique based on derivative status rather than musical structure."
"Discovering jazz music in college saved me from complete burnout. Sitting in the library with Coltrane playing in my headphones made the stress of my exams completely melt away.","reaction","Autobiographical story about college stress relief via listening habits."
"The use of the 'G-Funk' whistle—a high-pitched, portamento synth lead played on a Moog—allowed West Coast producers like Dr. Dre to create a continuous, melodic counterweight to aggressive, rhythm-heavy gangsta rap lyrics.","analysis","Traces instrumentation (Moog synthesizer parameters) to explain historical aesthetic balance."
"Billie Eilish's whisper-vocals are an annoying gimmick. It only works because her brother turns the microphone preamp gain all the way up in post-production, hiding the fact that she can't actually project her voice.","hot_take","Intent rule: Uses an engineering fact (preamp gain) maliciously to invalidate vocal capability."
"I always skip the last track on this album because it reminds me too much of my ex-girlfriend. It gives me a literal pit in my stomach the second those opening acoustic chords start.","reaction","Behavioral listening habit governed entirely by internal romantic grief."
"The rapid tempo fluctuations in math rock are governed by additive rhythm grids. Bands like American Football constantly switch between 5/4 and 7/8 time signatures by shifting the snare accent, completely upending the traditional rock backbeat.","analysis","Deep dive into music theory, time signatures, and structural accents."
"Travis Scott's Utopia is completely overrated. It's just a lazy attempt to recreate Kanye West's Yeezus era, but without any of the raw political anger or groundbreaking industrial sound design that made Yeezus good.","hot_take","Comparative tier statement dismissing a project as a 'lazy copy' without proof."
"I remember sitting on my bedroom floor at 14 years old listening to American Idiot on repeat, dreaming of running away from my hometown. That album was my absolute lifeline.","reaction","Purely autobiographical reflection on childhood coping mechanisms."
"The sonic signature of Motown records was defined by the structural constraints of AM radio. Producers deliberately mixed the mid-range frequencies aggressively high and doubled the basslines to ensure the tracks punched through tiny car speakers.","analysis","Connects historical engineering choices directly to broadcast hardware limitations."
"Nu-metal is the most embarrassing cultural artifact of the early 2000s. Combining angsty rap delivery with detuned nu-metal guitar riffs resulted in music that has aged horribly and holds zero artistic value.","hot_take","Subjective cultural dismissal targeting legacy tiering."
"I can't listen to the radio anymore because the volume levels are so aggressively loud that it makes my ears ring. Everything sounds like a flat wall of sound with no breathing room.","reaction","Focuses completely on personal physical discomfort and radio listening frustration."
"The minimalist compositions of Philip Glass use phase shifting—where two identical geometric rhythmic loops gradually fall out of sync. This structural crawl creates a complex psychoacoustic illusion of shifting melodies.","analysis","Advanced look at rhythmic patterns and psychoacoustic properties."
"Olivia Rodrigo is just a glorified Disney pop star catering to teenage breakup drama. Her rock tracks sound completely sanitized and lack any of the genuine grit of true 90s riot grrrl punk.","hot_take","Evaluative dismissal based on target demographic and corporate background."
"Whenever I hear an accordion play, I am instantly transported back to my grandmother's kitchen in Italy. I can hear her voice clearly and it makes me feel deeply homesick.","reaction","Autobiographical memory dealing with grandmother, national origin, and homesickness."
"The rhythmic delivery of early 2000s grime music was structurally dictated by its 140 BPM tempo template. Derived from UK garage and dancehall rhythms, producers left massive spatial gaps between the syncopated snare hits to allow emcees room to execute rapid, double-time lyrical flows.","analysis","Traces tempo, rhythmic parameters, and genre derivations."
"The widespread transition from physical analog tape recording to digital audio workstations (DAWs) completely homogenized modern rock mixing. By allowing infinite track editing and perfect grid quantization, modern engineering has systematically stripped away the organic, human timing errors that defined 70s classic rock.","analysis","Structural engineering argument regarding DAWs and quantization vs historical timing."
"The White Stripes are completely unlistenable due to Meg White's drumming. Her rudimentary, basic quarter-note patterns show a total lack of technical skill that completely holds back Jack White's brilliant guitar work from reaching its actual potential.","hot_take","Provocative claim targeting individual performance capabilities without analytical context."
"Listening to Jeff Buckley's 'Hallelujah' while sitting alone in an empty church completely overwhelmed me. His soaring, un-amplified vocal vibrato felt like it was physically vibrating inside my chest, leaving me in tears by the final chord resolution.","reaction","Frame-of-Reference applied: Anchor is entirely focused on an internal emotional and physiological reaction."
"I feel completely overwhelmed by the sheer volume of music dropped on Friday release days. Looking at fifty new albums in my feed gives me an intense wave of choice paralysis, making me close the app and just put on an old familiar favorite instead.","reaction","Focuses entirely on personal streaming habits and internal anxiety/choice paralysis."
